roundId,roundName,roundAbbreviation,game,gameId,gameStateId,venueName,groundConditionName,weatherName,teamId_home,teamName_home,teamNickName_home,teamAbbr_home,teamFinalScore_home,teamId_away,teamName_away,teamNickName_away,teamAbbr_away,teamFinalScore_away
1,Round 1,RD01,Canberra Raiders def. New Zealand Warriors (30-8) - 01-Mar-2025,20251110110,8,Allegiant Stadium,Good,Fine,500013,Canberra Raiders,Raiders,CAN,30,500032,New Zealand Warriors,Warriors,WAR,8
1,Round 1,RD01,Penrith Panthers def. Cronulla-Sutherland Sharks (28-22) - 01-Mar-2025,20251110120,8,Allegiant Stadium,Good,Fine,500014,Penrith Panthers,Panthers,PEN,28,500028,Cronulla-Sutherland Sharks,Sharks,CRO,22
1,Round 1,RD01,Sydney Roosters lost to Brisbane Broncos (14-50) - 06-Mar-2025,20251110130,8,Allianz Stadium,Heavy,Showers,500001,Sydney Roosters,Roosters,SYD,14,500011,Brisbane Broncos,Broncos,BRI,50
1,Round 1,RD01,Wests Tigers lost to Newcastle Knights (8-10) - 07-Mar-2025,20251110140,8,Campbelltown Sports Stadium,Good,Rain,500023,Wests Tigers,Wests Tigers,WST,8,500003,Newcastle Knights,Knights,NEW,10
1,Round 1,RD01,South Sydney Rabbitohs def. Dolphins (16-14) - 07-Mar-2025,20251110150,8,CommBank Stadium,Good,Fine,500005,South Sydney Rabbitohs,Rabbitohs,SOU,16,500723,Dolphins,Dolphins,DOL,14
1,Round 1,RD01,St. George Illawarra Dragons lost to Canterbury-Bankstown Bulldogs (20-28) - 08-Mar-2025,20251110160,8,Jubilee Stadium,Good,Fine,500022,St. George Illawarra Dragons,Dragons,STG,20,500010,Canterbury-Bankstown Bulldogs,Bulldogs,BUL,28
1,Round 1,RD01,Manly-Warringah Sea Eagles def. North Queensland Cowboys (42-12) - 08-Mar-2025,20251110170,8,4 Pines Park,Good,Fine,500002,Manly-Warringah Sea Eagles,Sea Eagles,MAN,42,500012,North Queensland Cowboys,Cowboys,NQL,12
1,Round 1,RD01,Melbourne Storm def. Parramatta Eels (56-18) - 09-Mar-2025,20251110180,8,AAMI Park,Good,Fine,500021,Melbourne Storm,Storm,MEL,56,500031,Parramatta Eels,Eels,PAR,18
2,Round 2,RD02,Newcastle Knights def. Dolphins (26-12) - 13-Mar-2025,20251110210,8,McDonald Jones Stadium,Good,Fine,500003,Newcastle Knights,Knights,NEW,26,500723,Dolphins,Dolphins,DOL,12
2,Round 2,RD02,New Zealand Warriors def. Manly-Warringah Sea Eagles (36-16) - 14-Mar-2025,20251110220,8,Go Media Stadium,Good,Fine,500032,New Zealand Warriors,Warriors,WAR,36,500002,Manly-Warringah Sea Eagles,Sea Eagles,MAN,16
2,Round 2,RD02,Penrith Panthers lost to Sydney Roosters (32-38) - 14-Mar-2025,20251110230,8,CommBank Stadium,Good,Fine,500014,Penrith Panthers,Panthers,PEN,32,500001,Sydney Roosters,Roosters,SYD,38
2,Round 2,RD02,St. George Illawarra Dragons lost to South Sydney Rabbitohs (24-25) - 15-Mar-2025,20251110240,8,WIN Stadium,Good,Fine,500022,St. George Illawarra Dragons,Dragons,STG,24,500005,South Sydney Rabbitohs,Rabbitohs,SOU,25
2,Round 2,RD02,North Queensland Cowboys lost to Cronulla-Sutherland Sharks (12-36) - 15-Mar-2025,20251110250,8,Queensland Country Bank Stadium,Good,Fine,500012,North Queensland Cowboys,Cowboys,NQL,12,500028,Cronulla-Sutherland Sharks,Sharks,CRO,36
2,Round 2,RD02,Canberra Raiders def. Brisbane Broncos (32-22) - 15-Mar-2025,20251110260,8,GIO Stadium,Good,Fine,500013,Canberra Raiders,Raiders,CAN,32,500011,Brisbane Broncos,Broncos,BRI,22
2,Round 2,RD02,Parramatta Eels lost to Wests Tigers (6-32) - 16-Mar-2025,20251110270,8,CommBank Stadium,Good,Fine,500031,Parramatta Eels,Eels,PAR,6,500023,Wests Tigers,Wests Tigers,WST,32
2,Round 2,RD02,Canterbury-Bankstown Bulldogs def. Gold Coast Titans (40-24) - 16-Mar-2025,20251110280,8,Belmore Sports Ground,Good,Fine,500010,Canterbury-Bankstown Bulldogs,Bulldogs,BUL,40,500004,Gold Coast Titans,Titans,GOL,24
3,Round 3,RD03,Melbourne Storm def. Penrith Panthers (30-24) - 20-Mar-2025,20251110310,8,AAMI Park,Slippery,Showers,500021,Melbourne Storm,Storm,MEL,30,500014,Penrith Panthers,Panthers,PEN,24
3,Round 3,RD03,New Zealand Warriors def. Sydney Roosters (14-6) - 21-Mar-2025,20251110320,8,Go Media Stadium,N/A,Unknown,500032,New Zealand Warriors,Warriors,WAR,14,500001,Sydney Roosters,Roosters,SYD,6
3,Round 3,RD03,Brisbane Broncos def. North Queensland Cowboys (26-16) - 21-Mar-2025,20251110330,8,Suncorp Stadium,N/A,Fine,500011,Brisbane Broncos,Broncos,BRI,26,500012,North Queensland Cowboys,Cowboys,NQL,16
3,Round 3,RD03,Cronulla-Sutherland Sharks def. South Sydney Rabbitohs (27-12) - 22-Mar-2025,20251110340,8,Sharks Stadium,Good,Fine,500028,Cronulla-Sutherland Sharks,Sharks,CRO,27,500005,South Sydney Rabbitohs,Rabbitohs,SOU,12
3,Round 3,RD03,Dolphins lost to Wests Tigers (18-30) - 22-Mar-2025,20251110350,8,Kayo Stadium,Good,Fine,500723,Dolphins,Dolphins,DOL,18,500023,Wests Tigers,Wests Tigers,WST,30
3,Round 3,RD03,Gold Coast Titans def. Newcastle Knights (26-6) - 22-Mar-2025,20251110360,8,Cbus Super Stadium,Muddy,Rain,500004,Gold Coast Titans,Titans,GOL,26,500003,Newcastle Knights,Knights,NEW,6
3,Round 3,RD03,Parramatta Eels lost to Canterbury-Bankstown Bulldogs (8-16) - 23-Mar-2025,20251110370,8,CommBank Stadium,Good,Fine,500031,Parramatta Eels,Eels,PAR,8,500010,Canterbury-Bankstown Bulldogs,Bulldogs,BUL,16
3,Round 3,RD03,Manly-Warringah Sea Eagles def. Canberra Raiders (40-12) - 23-Mar-2025,20251110380,8,4 Pines Park,Fair,Fine,500002,Manly-Warringah Sea Eagles,Sea Eagles,MAN,40,500013,Canberra Raiders,Raiders,CAN,12
4,Round 4,RD04,South Sydney Rabbitohs def. Penrith Panthers (28-18) - 27-Mar-2025,20251110410,8,Accor Stadium,Good,Fine,500005,South Sydney Rabbitohs,Rabbitohs,SOU,28,500014,Penrith Panthers,Panthers,PEN,18
4,Round 4,RD04,Sydney Roosters lost to Gold Coast Titans (12-30) - 28-Mar-2025,20251110420,8,Allianz Stadium,Heavy,Fine,500001,Sydney Roosters,Roosters,SYD,12,500004,Gold Coast Titans,Titans,GOL,30
4,Round 4,RD04,Dolphins lost to Brisbane Broncos (12-20) - 28-Mar-2025,20251110430,8,Suncorp Stadium,Slippery,Rain,500723,Dolphins,Dolphins,DOL,12,500011,Brisbane Broncos,Broncos,BRI,20
4,Round 4,RD04,St. George Illawarra Dragons def. Melbourne Storm (14-8) - 29-Mar-2025,20251110440,8,Jubilee Stadium,Slippery,Rain,500022,St. George Illawarra Dragons,Dragons,STG,14,500021,Melbourne Storm,Storm,MEL,8
4,Round 4,RD04,North Queensland Cowboys def. Canberra Raiders (30-20) - 29-Mar-2025,20251110450,8,Queensland Country Bank Stadium,Good,Fine,500012,North Queensland Cowboys,Cowboys,NQL,30,500013,Canberra Raiders,Raiders,CAN,20
4,Round 4,RD04,Cronulla-Sutherland Sharks lost to Canterbury-Bankstown Bulldogs (6-20) - 29-Mar-2025,20251110460,8,Sharks Stadium,Good,Fine,500028,Cronulla-Sutherland Sharks,Sharks,CRO,6,500010,Canterbury-Bankstown Bulldogs,Bulldogs,BUL,20
4,Round 4,RD04,Manly-Warringah Sea Eagles def. Parramatta Eels (26-12) - 30-Mar-2025,20251110470,8,4 Pines Park,Good,Rain,500002,Manly-Warringah Sea Eagles,Sea Eagles,MAN,26,500031,Parramatta Eels,Eels,PAR,12
4,Round 4,RD04,Wests Tigers lost to New Zealand Warriors (24-26) - 30-Mar-2025,20251110480,8,Campbelltown Sports Stadium,Slippery,Rain,500023,Wests Tigers,Wests Tigers,WST,24,500032,New Zealand Warriors,Warriors,WAR,26
5,Round 5,RD05,Canberra Raiders def. Cronulla-Sutherland Sharks (24-20) - 03-Apr-2025,20251110510,8,GIO Stadium,Good,Fine,500013,Canberra Raiders,Raiders,CAN,24,500028,Cronulla-Sutherland Sharks,Sharks,CRO,20
5,Round 5,RD05,Penrith Panthers lost to North Queensland Cowboys (18-22) - 04-Apr-2025,20251110520,8,CommBank Stadium,Good,Fine,500014,Penrith Panthers,Panthers,PEN,18,500012,North Queensland Cowboys,Cowboys,NQL,22
5,Round 5,RD05,South Sydney Rabbitohs def. Sydney Roosters (20-14) - 04-Apr-2025,20251110530,8,Accor Stadium,Good,Fine,500005,South Sydney Rabbitohs,Rabbitohs,SOU,20,500001,Sydney Roosters,Roosters,SYD,14
5,Round 5,RD05,Parramatta Eels def. St. George Illawarra Dragons (23-22) - 05-Apr-2025,20251110540,8,CommBank Stadium,Good,Fine,500031,Parramatta Eels,Eels,PAR,23,500022,St. George Illawarra Dragons,Dragons,STG,22
5,Round 5,RD05,Gold Coast Titans lost to Dolphins (10-36) - 05-Apr-2025,20251110550,8,Cbus Super Stadium,Good,Fine,500004,Gold Coast Titans,Titans,GOL,10,500723,Dolphins,Dolphins,DOL,36
5,Round 5,RD05,Brisbane Broncos def. Wests Tigers (46-24) - 05-Apr-2025,20251110560,8,Suncorp Stadium,Good,Fine,500011,Brisbane Broncos,Broncos,BRI,46,500023,Wests Tigers,Wests Tigers,WST,24
5,Round 5,RD05,Manly-Warringah Sea Eagles lost to Melbourne Storm (24-48) - 06-Apr-2025,20251110570,8,4 Pines Park,Good,Fine,500002,Manly-Warringah Sea Eagles,Sea Eagles,MAN,24,500021,Melbourne Storm,Storm,MEL,48
5,Round 5,RD05,Canterbury-Bankstown Bulldogs def. Newcastle Knights (20-0) - 06-Apr-2025,20251110580,8,Accor Stadium,Good,Fine,500010,Canterbury-Bankstown Bulldogs,Bulldogs,BUL,20,500003,Newcastle Knights,Knights,NEW,0
6,Round 6,RD06,Dolphins def. Penrith Panthers (30-12) - 10-Apr-2025,20251110610,8,Suncorp Stadium,Good,Fine,500723,Dolphins,Dolphins,DOL,30,500014,Penrith Panthers,Panthers,PEN,12
6,Round 6,RD06,St. George Illawarra Dragons def. Gold Coast Titans (38-16) - 11-Apr-2025,20251110620,8,WIN Stadium,Good,Fine,500022,St. George Illawarra Dragons,Dragons,STG,38,500004,Gold Coast Titans,Titans,GOL,16
6,Round 6,RD06,Brisbane Broncos lost to Sydney Roosters (16-26) - 11-Apr-2025,20251110630,8,Suncorp Stadium,Good,Cloudy,500011,Brisbane Broncos,Broncos,BRI,16,500001,Sydney Roosters,Roosters,SYD,26
6,Round 6,RD06,Cronulla-Sutherland Sharks def. Manly-Warringah Sea Eagles (24-18) - 12-Apr-2025,20251110640,8,Optus Stadium,Good,Fine,500028,Cronulla-Sutherland Sharks,Sharks,CRO,24,500002,Manly-Warringah Sea Eagles,Sea Eagles,MAN,18
6,Round 6,RD06,South Sydney Rabbitohs lost to North Queensland Cowboys (16-24) - 12-Apr-2025,20251110650,8,Optus Stadium,Good,Fine,500005,South Sydney Rabbitohs,Rabbitohs,SOU,16,500012,North Queensland Cowboys,Cowboys,NQL,24
6,Round 6,RD06,Parramatta Eels lost to Canberra Raiders (12-50) - 12-Apr-2025,20251110660,8,TIO Stadium,Good,Fine,500031,Parramatta Eels,Eels,PAR,12,500013,Canberra Raiders,Raiders,CAN,50
6,Round 6,RD06,Melbourne Storm def. New Zealand Warriors (42-14) - 13-Apr-2025,20251110670,8,AAMI Park,Good,Fine,500021,Melbourne Storm,Storm,MEL,42,500032,New Zealand Warriors,Warriors,WAR,14
6,Round 6,RD06,Newcastle Knights lost to Wests Tigers (4-20) - 13-Apr-2025,20251110680,8,McDonald Jones Stadium,Good,Fine,500003,Newcastle Knights,Knights,NEW,4,500023,Wests Tigers,Wests Tigers,WST,20
7,Round 7,RD07,Manly-Warringah Sea Eagles lost to St. George Illawarra Dragons (18-20) - 17-Apr-2025,20251110710,8,4 Pines Park,Good,Fine,500002,Manly-Warringah Sea Eagles,Sea Eagles,MAN,18,500022,St. George Illawarra Dragons,Dragons,STG,20
7,Round 7,RD07,Canterbury-Bankstown Bulldogs def. South Sydney Rabbitohs (32-0) - 18-Apr-2025,20251110720,8,Accor Stadium,Good,Fine,500010,Canterbury-Bankstown Bulldogs,Bulldogs,BUL,32,500005,South Sydney Rabbitohs,Rabbitohs,SOU,0
7,Round 7,RD07,Dolphins def. Melbourne Storm (42-22) - 18-Apr-2025,20251110730,8,Suncorp Stadium,Good,Fine,500723,Dolphins,Dolphins,DOL,42,500021,Melbourne Storm,Storm,MEL,22
7,Round 7,RD07,New Zealand Warriors def. Brisbane Broncos (20-18) - 19-Apr-2025,20251110740,8,Go Media Stadium,Slippery,Showers,500032,New Zealand Warriors,Warriors,WAR,20,500011,Brisbane Broncos,Broncos,BRI,18
7,Round 7,RD07,Sydney Roosters lost to Penrith Panthers (12-40) - 19-Apr-2025,20251110750,8,Allianz Stadium,Good,Fine,500001,Sydney Roosters,Roosters,SYD,12,500014,Penrith Panthers,Panthers,PEN,40
7,Round 7,RD07,Gold Coast Titans lost to Canberra Raiders (20-30) - 20-Apr-2025,20251110760,8,Cbus Super Stadium,Good,Fine,500004,Gold Coast Titans,Titans,GOL,20,500013,Canberra Raiders,Raiders,CAN,30
7,Round 7,RD07,Newcastle Knights lost to Cronulla-Sutherland Sharks (14-34) - 20-Apr-2025,20251110770,8,McDonald Jones Stadium,Good,Fine,500003,Newcastle Knights,Knights,NEW,14,500028,Cronulla-Sutherland Sharks,Sharks,CRO,34
7,Round 7,RD07,Wests Tigers lost to Parramatta Eels (22-38) - 21-Apr-2025,20251110780,8,CommBank Stadium,Good,Fine,500023,Wests Tigers,Wests Tigers,WST,22,500031,Parramatta Eels,Eels,PAR,38
8,Round 8,RD08,Brisbane Broncos def. Canterbury-Bankstown Bulldogs (42-18) - 24-Apr-2025,20251110810,8,Suncorp Stadium,Muddy,Rain,500011,Brisbane Broncos,Broncos,BRI,42,500010,Canterbury-Bankstown Bulldogs,Bulldogs,BUL,18
8,Round 8,RD08,Sydney Roosters def. St. George Illawarra Dragons (46-18) - 25-Apr-2025,20251110820,8,Allianz Stadium,Good,Fine,500001,Sydney Roosters,Roosters,SYD,46,500022,St. George Illawarra Dragons,Dragons,STG,18
8,Round 8,RD08,New Zealand Warriors def. Newcastle Knights (26-12) - 25-Apr-2025,20251110830,8,Apollo Projects Stadium,Good,Fine,500032,New Zealand Warriors,Warriors,WAR,26,500003,Newcastle Knights,Knights,NEW,12
8,Round 8,RD08,Melbourne Storm def. South Sydney Rabbitohs (24-16) - 25-Apr-2025,20251110840,8,AAMI Park,Slippery,Fine,500021,Melbourne Storm,Storm,MEL,24,500005,South Sydney Rabbitohs,Rabbitohs,SOU,16
8,Round 8,RD08,North Queensland Cowboys def. Gold Coast Titans (50-18) - 26-Apr-2025,20251110850,8,Queensland Country Bank Stadium,Good,Fine,500012,North Queensland Cowboys,Cowboys,NQL,50,500004,Gold Coast Titans,Titans,GOL,18
8,Round 8,RD08,Penrith Panthers lost to Manly-Warringah Sea Eagles (10-26) - 26-Apr-2025,20251110860,8,CommBank Stadium,Good,Fine,500014,Penrith Panthers,Panthers,PEN,10,500002,Manly-Warringah Sea Eagles,Sea Eagles,MAN,26
8,Round 8,RD08,Canberra Raiders def. Dolphins (40-28) - 27-Apr-2025,20251110870,8,GIO Stadium,Good,Fine,500013,Canberra Raiders,Raiders,CAN,40,500723,Dolphins,Dolphins,DOL,28
8,Round 8,RD08,Wests Tigers def. Cronulla-Sutherland Sharks (20-18) - 27-Apr-2025,20251110880,8,Leichhardt Oval,Good,Fine,500023,Wests Tigers,Wests Tigers,WST,20,500028,Cronulla-Sutherland Sharks,Sharks,CRO,18
9,Round 9,RD09,Cronulla-Sutherland Sharks def. Parramatta Eels (28-18) - 02-May-2025,20251110910,8,Suncorp Stadium,Good,Fine,500028,Cronulla-Sutherland Sharks,Sharks,CRO,28,500031,Parramatta Eels,Eels,PAR,18
9,Round 9,RD09,Sydney Roosters def. Dolphins (36-26) - 02-May-2025,20251110920,8,Suncorp Stadium,Good,Fine,500001,Sydney Roosters,Roosters,SYD,36,500723,Dolphins,Dolphins,DOL,26
9,Round 9,RD09,South Sydney Rabbitohs lost to Newcastle Knights (4-30) - 03-May-2025,20251110930,8,Suncorp Stadium,Slippery,Showers,500005,South Sydney Rabbitohs,Rabbitohs,SOU,4,500003,Newcastle Knights,Knights,NEW,30
9,Round 9,RD09,New Zealand Warriors def. North Queensland Cowboys (30-26) - 03-May-2025,20251110940,8,Suncorp Stadium,Slippery,Showers,500032,New Zealand Warriors,Warriors,WAR,30,500012,North Queensland Cowboys,Cowboys,NQL,26
9,Round 9,RD09,Wests Tigers def. St. George Illawarra Dragons (34-28) - 03-May-2025,20251110950,8,Suncorp Stadium,Slippery,Showers,500023,Wests Tigers,Wests Tigers,WST,34,500022,St. George Illawarra Dragons,Dragons,STG,28
9,Round 9,RD09,Gold Coast Titans lost to Canterbury-Bankstown Bulldogs (18-38) - 04-May-2025,20251110960,8,Suncorp Stadium,Good,Fine,500004,Gold Coast Titans,Titans,GOL,18,500010,Canterbury-Bankstown Bulldogs,Bulldogs,BUL,38
9,Round 9,RD09,Penrith Panthers def. Brisbane Broncos (32-8) - 04-May-2025,20251110970,8,Suncorp Stadium,Good,Showers,500014,Penrith Panthers,Panthers,PEN,32,500011,Brisbane Broncos,Broncos,BRI,8
9,Round 9,RD09,Melbourne Storm lost to Canberra Raiders (18-20) - 04-May-2025,20251110980,8,Suncorp Stadium,Slippery,Showers,500021,Melbourne Storm,Storm,MEL,18,500013,Canberra Raiders,Raiders,CAN,20
10,Round 10,RD10,Parramatta Eels lost to Dolphins (16-20) - 08-May-2025,20251111010,8,CommBank Stadium,Good,Fine,500031,Parramatta Eels,Eels,PAR,16,500723,Dolphins,Dolphins,DOL,20
10,Round 10,RD10,Newcastle Knights lost to Gold Coast Titans (20-24) - 09-May-2025,20251111020,8,McDonald Jones Stadium,Good,Fine,500003,Newcastle Knights,Knights,NEW,20,500004,Gold Coast Titans,Titans,GOL,24
10,Round 10,RD10,South Sydney Rabbitohs def. Brisbane Broncos (22-14) - 09-May-2025,20251111030,8,Accor Stadium,Slippery,Showers,500005,South Sydney Rabbitohs,Rabbitohs,SOU,22,500011,Brisbane Broncos,Broncos,BRI,14
10,Round 10,RD10,Canberra Raiders lost to Canterbury-Bankstown Bulldogs (20-32) - 10-May-2025,20251111040,8,GIO Stadium,Good,Fine,500013,Canberra Raiders,Raiders,CAN,20,500010,Canterbury-Bankstown Bulldogs,Bulldogs,BUL,32
10,Round 10,RD10,St. George Illawarra Dragons lost to New Zealand Warriors (14-15) - 10-May-2025,20251111050,8,WIN Stadium,Good,Fine,500022,St. George Illawarra Dragons,Dragons,STG,14,500032,New Zealand Warriors,Warriors,WAR,15
10,Round 10,RD10,North Queensland Cowboys drew Penrith Panthers (30-30) - 10-May-2025,20251111060,8,Queensland Country Bank Stadium,Good,Fine,500012,North Queensland Cowboys,Cowboys,NQL,30,500014,Penrith Panthers,Panthers,PEN,30
10,Round 10,RD10,Melbourne Storm def. Wests Tigers (64-0) - 11-May-2025,20251111070,8,AAMI Park,Good,Fine,500021,Melbourne Storm,Storm,MEL,64,500023,Wests Tigers,Wests Tigers,WST,0
10,Round 10,RD10,Manly-Warringah Sea Eagles lost to Cronulla-Sutherland Sharks (14-30) - 11-May-2025,20251111080,8,4 Pines Park,Good,Partly Cloudy,500002,Manly-Warringah Sea Eagles,Sea Eagles,MAN,14,500028,Cronulla-Sutherland Sharks,Sharks,CRO,30
11,Round 11,RD11,Newcastle Knights lost to Parramatta Eels (6-28) - 16-May-2025,20251111110,8,McDonald Jones Stadium,Good,Fine,500003,Newcastle Knights,Knights,NEW,6,500031,Parramatta Eels,Eels,PAR,28
11,Round 11,RD11,Canterbury-Bankstown Bulldogs def. Sydney Roosters (24-20) - 16-May-2025,20251111120,8,Accor Stadium,Fair,Showers,500010,Canterbury-Bankstown Bulldogs,Bulldogs,BUL,24,500001,Sydney Roosters,Roosters,SYD,20
11,Round 11,RD11,Dolphins lost to New Zealand Warriors (12-16) - 17-May-2025,20251111130,8,Suncorp Stadium,Good,Fine,500723,Dolphins,Dolphins,DOL,12,500032,New Zealand Warriors,Warriors,WAR,16
11,Round 11,RD11,North Queensland Cowboys lost to Manly-Warringah Sea Eagles (6-24) - 17-May-2025,20251111140,8,Queensland Country Bank Stadium,Good,Fine,500012,North Queensland Cowboys,Cowboys,NQL,6,500002,Manly-Warringah Sea Eagles,Sea Eagles,MAN,24
11,Round 11,RD11,Cronulla-Sutherland Sharks def. Melbourne Storm (31-26) - 17-May-2025,20251111150,8,Sharks Stadium,Good,Fine,500028,Cronulla-Sutherland Sharks,Sharks,CRO,31,500021,Melbourne Storm,Storm,MEL,26
11,Round 11,RD11,Brisbane Broncos lost to St. George Illawarra Dragons (26-30) - 18-May-2025,20251111160,8,Suncorp Stadium,Good,Fine,500011,Brisbane Broncos,Broncos,BRI,26,500022,St. George Illawarra Dragons,Dragons,STG,30
11,Round 11,RD11,Canberra Raiders def. Gold Coast Titans (40-24) - 18-May-2025,20251111170,8,GIO Stadium,Good,Fine,500013,Canberra Raiders,Raiders,CAN,40,500004,Gold Coast Titans,Titans,GOL,24
11,Round 11,RD11,Wests Tigers lost to South Sydney Rabbitohs (12-22) - 18-May-2025,20251111180,8,Campbelltown Sports Stadium,Slippery,Showers,500023,Wests Tigers,Wests Tigers,WST,12,500005,South Sydney Rabbitohs,Rabbitohs,SOU,22
12,Round 12,RD12,Canterbury-Bankstown Bulldogs lost to Dolphins (8-44) - 22-May-2025,20251111210,8,Accor Stadium,Slippery,Rain,500010,Canterbury-Bankstown Bulldogs,Bulldogs,BUL,8,500723,Dolphins,Dolphins,DOL,44
12,Round 12,RD12,Parramatta Eels def. Manly-Warringah Sea Eagles (30-10) - 23-May-2025,20251111220,8,CommBank Stadium,Good,Fine,500031,Parramatta Eels,Eels,PAR,30,500002,Manly-Warringah Sea Eagles,Sea Eagles,MAN,10
12,Round 12,RD12,Penrith Panthers lost to Newcastle Knights (6-25) - 24-May-2025,20251111230,8,Carrington Park,Good,Fine,500014,Penrith Panthers,Panthers,PEN,6,500003,Newcastle Knights,Knights,NEW,25
12,Round 12,RD12,Sydney Roosters def. Cronulla-Sutherland Sharks (42-16) - 24-May-2025,20251111240,8,Industree Group Stadium,Good,Fine,500001,Sydney Roosters,Roosters,SYD,42,500028,Cronulla-Sutherland Sharks,Sharks,CRO,16
12,Round 12,RD12,New Zealand Warriors lost to Canberra Raiders (10-16) - 25-May-2025,20251111250,8,Go Media Stadium,Good,Rain,500032,New Zealand Warriors,Warriors,WAR,10,500013,Canberra Raiders,Raiders,CAN,16
13,Round 13,RD13,St. George Illawarra Dragons def. Newcastle Knights (20-6) - 30-May-2025,20251111310,8,Jubilee Stadium,Slippery,Fine,500022,St. George Illawarra Dragons,Dragons,STG,20,500003,Newcastle Knights,Knights,NEW,6
13,Round 13,RD13,Gold Coast Titans lost to Melbourne Storm (16-28) - 31-May-2025,20251111320,8,Cbus Super Stadium,Good,Rain,500004,Gold Coast Titans,Titans,GOL,16,500021,Melbourne Storm,Storm,MEL,28
13,Round 13,RD13,North Queensland Cowboys def. Wests Tigers (32-28) - 31-May-2025,20251111330,8,Queensland Country Bank Stadium,Good,Fine,500012,North Queensland Cowboys,Cowboys,NQL,32,500023,Wests Tigers,Wests Tigers,WST,28
13,Round 13,RD13,Manly-Warringah Sea Eagles def. Brisbane Broncos (34-6) - 31-May-2025,20251111340,8,4 Pines Park,Good,Fine,500002,Manly-Warringah Sea Eagles,Sea Eagles,MAN,34,500011,Brisbane Broncos,Broncos,BRI,6
13,Round 13,RD13,South Sydney Rabbitohs lost to New Zealand Warriors (30-36) - 01-Jun-2025,20251111350,8,Accor Stadium,Good,Fine,500005,South Sydney Rabbitohs,Rabbitohs,SOU,30,500032,New Zealand Warriors,Warriors,WAR,36
13,Round 13,RD13,Penrith Panthers def. Parramatta Eels (18-10) - 01-Jun-2025,20251111360,8,CommBank Stadium,Good,Fine,500014,Penrith Panthers,Panthers,PEN,18,500031,Parramatta Eels,Eels,PAR,10
13,Round 13,RD13,Sydney Roosters lost to Canberra Raiders (24-26) - 01-Jun-2025,20251111370,8,Allianz Stadium,Good,Fine,500001,Sydney Roosters,Roosters,SYD,24,500013,Canberra Raiders,Raiders,CAN,26
14,Round 14,RD14,Newcastle Knights def. Manly-Warringah Sea Eagles (26-22) - 05-Jun-2025,20251111410,8,McDonald Jones Stadium,Good,Fine,500003,Newcastle Knights,Knights,NEW,26,500002,Manly-Warringah Sea Eagles,Sea Eagles,MAN,22
14,Round 14,RD14,Melbourne Storm def. North Queensland Cowboys (38-14) - 06-Jun-2025,20251111420,8,AAMI Park,Good,Light Rain,500021,Melbourne Storm,Storm,MEL,38,500012,North Queensland Cowboys,Cowboys,NQL,14
14,Round 14,RD14,Dolphins def. St. George Illawarra Dragons (56-6) - 06-Jun-2025,20251111430,8,Suncorp Stadium,Good,Fine,500723,Dolphins,Dolphins,DOL,56,500022,St. George Illawarra Dragons,Dragons,STG,6
14,Round 14,RD14,Cronulla-Sutherland Sharks lost to New Zealand Warriors (10-40) - 07-Jun-2025,20251111440,8,Sharks Stadium,Good,Fine,500028,Cronulla-Sutherland Sharks,Sharks,CRO,10,500032,New Zealand Warriors,Warriors,WAR,40
14,Round 14,RD14,Brisbane Broncos def. Gold Coast Titans (44-14) - 07-Jun-2025,20251111450,8,Suncorp Stadium,Slippery,Fine,500011,Brisbane Broncos,Broncos,BRI,44,500004,Gold Coast Titans,Titans,GOL,14
14,Round 14,RD14,Canberra Raiders def. South Sydney Rabbitohs (36-12) - 08-Jun-2025,20251111460,8,GIO Stadium,Good,Light Rain,500013,Canberra Raiders,Raiders,CAN,36,500005,South Sydney Rabbitohs,Rabbitohs,SOU,12
14,Round 14,RD14,Wests Tigers lost to Penrith Panthers (14-18) - 08-Jun-2025,20251111470,8,CommBank Stadium,Good,Fine,500023,Wests Tigers,Wests Tigers,WST,14,500014,Penrith Panthers,Panthers,PEN,18
14,Round 14,RD14,Canterbury-Bankstown Bulldogs def. Parramatta Eels (30-12) - 09-Jun-2025,20251111480,8,Accor Stadium,Good,Rain,500010,Canterbury-Bankstown Bulldogs,Bulldogs,BUL,30,500031,Parramatta Eels,Eels,PAR,12
15,Round 15,RD15,Cronulla-Sutherland Sharks def. St. George Illawarra Dragons (30-18) - 12-Jun-2025,20251111510,8,Sharks Stadium,Good,Fine,500028,Cronulla-Sutherland Sharks,Sharks,CRO,30,500022,St. George Illawarra Dragons,Dragons,STG,18
15,Round 15,RD15,Gold Coast Titans def. Manly-Warringah Sea Eagles (28-8) - 13-Jun-2025,20251111520,8,Cbus Super Stadium,Good,Fine,500004,Gold Coast Titans,Titans,GOL,28,500002,Manly-Warringah Sea Eagles,Sea Eagles,MAN,8
15,Round 15,RD15,Newcastle Knights lost to Sydney Roosters (8-12) - 14-Jun-2025,20251111530,8,McDonald Jones Stadium,Good,Showers,500003,Newcastle Knights,Knights,NEW,8,500001,Sydney Roosters,Roosters,SYD,12
15,Round 15,RD15,North Queensland Cowboys lost to Dolphins (4-58) - 14-Jun-2025,20251111540,8,Queensland Country Bank Stadium,Good,Fine,500012,North Queensland Cowboys,Cowboys,NQL,4,500723,Dolphins,Dolphins,DOL,58
15,Round 15,RD15,South Sydney Rabbitohs lost to Canterbury-Bankstown Bulldogs (18-24) - 15-Jun-2025,20251111550,8,Accor Stadium,Good,Rain,500005,South Sydney Rabbitohs,Rabbitohs,SOU,18,500010,Canterbury-Bankstown Bulldogs,Bulldogs,BUL,24
16,Round 16,RD16,Wests Tigers lost to Canberra Raiders (12-16) - 20-Jun-2025,20251111610,8,Campbelltown Sports Stadium,Good,Fine,500023,Wests Tigers,Wests Tigers,WST,12,500013,Canberra Raiders,Raiders,CAN,16
16,Round 16,RD16,New Zealand Warriors lost to Penrith Panthers (18-28) - 21-Jun-2025,20251111620,8,Go Media Stadium,Good,Fine,500032,New Zealand Warriors,Warriors,WAR,18,500014,Penrith Panthers,Panthers,PEN,28
16,Round 16,RD16,Dolphins lost to Newcastle Knights (20-26) - 21-Jun-2025,20251111630,8,HBF Park,Good,Light Rain,500723,Dolphins,Dolphins,DOL,20,500003,Newcastle Knights,Knights,NEW,26
16,Round 16,RD16,South Sydney Rabbitohs lost to Melbourne Storm (24-25) - 21-Jun-2025,20251111640,8,Accor Stadium,Good,Fine,500005,South Sydney Rabbitohs,Rabbitohs,SOU,24,500021,Melbourne Storm,Storm,MEL,25
16,Round 16,RD16,Brisbane Broncos def. Cronulla-Sutherland Sharks (34-28) - 22-Jun-2025,20251111650,8,Suncorp Stadium,Good,Fine,500011,Brisbane Broncos,Broncos,BRI,34,500028,Cronulla-Sutherland Sharks,Sharks,CRO,28
16,Round 16,RD16,Sydney Roosters def. North Queensland Cowboys (42-8) - 22-Jun-2025,20251111660,8,Allianz Stadium,Good,Fine,500001,Sydney Roosters,Roosters,SYD,42,500012,North Queensland Cowboys,Cowboys,NQL,8
16,Round 16,RD16,Parramatta Eels def. Gold Coast Titans (36-20) - 22-Jun-2025,20251111670,8,CommBank Stadium,Good,Fine,500031,Parramatta Eels,Eels,PAR,36,500004,Gold Coast Titans,Titans,GOL,20
17,Round 17,RD17,Penrith Panthers def. Canterbury-Bankstown Bulldogs (8-6) - 26-Jun-2025,20251111710,8,CommBank Stadium,Good,Fine,500014,Penrith Panthers,Panthers,PEN,8,500010,Canterbury-Bankstown Bulldogs,Bulldogs,BUL,6
17,Round 17,RD17,Manly-Warringah Sea Eagles def. Wests Tigers (28-10) - 27-Jun-2025,20251111720,8,4 Pines Park,Good,Showers,500002,Manly-Warringah Sea Eagles,Sea Eagles,MAN,28,500023,Wests Tigers,Wests Tigers,WST,10
17,Round 17,RD17,Newcastle Knights lost to Canberra Raiders (18-22) - 27-Jun-2025,20251111730,8,McDonald Jones Stadium,Slippery,Showers,500003,Newcastle Knights,Knights,NEW,18,500013,Canberra Raiders,Raiders,CAN,22
17,Round 17,RD17,Brisbane Broncos def. New Zealand Warriors (26-12) - 28-Jun-2025,20251111740,8,Suncorp Stadium,Good,Fine,500011,Brisbane Broncos,Broncos,BRI,26,500032,New Zealand Warriors,Warriors,WAR,12
17,Round 17,RD17,St. George Illawarra Dragons def. Parramatta Eels (34-20) - 28-Jun-2025,20251111750,8,WIN Stadium,Good,Fine,500022,St. George Illawarra Dragons,Dragons,STG,34,500031,Parramatta Eels,Eels,PAR,20
17,Round 17,RD17,Dolphins def. South Sydney Rabbitohs (50-28) - 28-Jun-2025,20251111760,8,Suncorp Stadium,Good,Fine,500723,Dolphins,Dolphins,DOL,50,500005,South Sydney Rabbitohs,Rabbitohs,SOU,28
17,Round 17,RD17,Melbourne Storm def. Cronulla-Sutherland Sharks (30-6) - 29-Jun-2025,20251111770,8,AAMI Park,Good,Fine,500021,Melbourne Storm,Storm,MEL,30,500028,Cronulla-Sutherland Sharks,Sharks,CRO,6
17,Round 17,RD17,Gold Coast Titans lost to North Queensland Cowboys (24-30) - 29-Jun-2025,20251111780,8,Cbus Super Stadium,Slippery,Rain,500004,Gold Coast Titans,Titans,GOL,24,500012,North Queensland Cowboys,Cowboys,NQL,30
